{
    "keyboard_name": "GUANG ZONG YAO ZU HELLO WORD",
    "manufacturer": "LJM",
    "url": "https://github.com/eliassjogreen/4by3",
    "maintainer": "LJM",
    "usb": {
        "vid": "0xEEEE",
        "pid": "0x2019",
        "device_version": "0.0.1"
    },
    "matrix_pins": {
        "cols": ["D3", "D2", "F5", "F4"], //D3,  D2, F5, F4
        "rows": ["B6", "B5", "B4","E6"]  // B6, B5, B4, E6 
    },
    "diode_direction": "COL2ROW",
    "processor": "atmega32u4",
    "bootloader": "caterina",
    "layout_aliases": {
        "LAYOUT": "LAYOUT_horizontal"
    },
    "layouts": {
        "LAYOUT_horizontal": {
            "layout": [
                {"matrix": [0, 0], "x": 0, "y": 0},
                {"matrix": [0, 1], "x": 1, "y": 0},
                {"matrix": [0, 2], "x": 2, "y": 0},
                {"matrix": [0, 3], "x": 3, "y": 0},

                {"matrix": [1, 0], "x": 0, "y": 1},
                {"matrix": [1, 1], "x": 1, "y": 1},
                {"matrix": [1, 2], "x": 2, "y": 1},
                {"matrix": [1, 3], "x": 3, "y": 1},

                {"matrix": [2, 0], "x": 0, "y": 2},
                {"matrix": [2, 1], "x": 1, "y": 2},
                {"matrix": [2, 2], "x": 2, "y": 2},
                
                {"matrix": [3, 0], "x": 0, "y": 2},
                {"matrix": [3, 1], "x": 1, "y": 2},
                {"matrix": [3, 2], "x": 2, "y": 2},
                {"matrix": [3, 3], "x": 3, "y": 2}
            ]
        },
        "LAYOUT_vertical_right": {
            "layout": [
                {"matrix": [3, 0], "x": 0, "y": 0},
                {"matrix": [2, 0], "x": 1, "y": 0},
                {"matrix": [1, 0], "x": 2, "y": 0},
                {"matrix": [0, 0], "x": 3, "y": 0},

                {"matrix": [3, 1], "x": 0, "y": 1},
                {"matrix": [2, 1], "x": 1, "y": 1},
                {"matrix": [1, 1], "x": 2, "y": 1},
                {"matrix": [0, 1], "x": 3, "y": 1},

                {"matrix": [3, 2], "x": 0, "y": 2},
                {"matrix": [2, 2], "x": 1, "y": 2},
                {"matrix": [1, 2], "x": 2, "y": 2},
                {"matrix": [0, 2], "x": 3, "y": 2},

                
                {"matrix": [3, 3], "x": 0, "y": 3},
                {"matrix": [1, 3], "x": 2, "y": 3},
                {"matrix": [0, 3], "x": 3, "y": 3}
            ]
        },
        "LAYOUT_vertical_left": {
            "layout": [
                {"matrix": [0, 3], "x": 0, "y": 0},
                {"matrix": [1, 3], "x": 1, "y": 0},
                {"matrix": [3, 3], "x": 3, "y": 0},

                {"matrix": [0, 2], "x": 0, "y": 1},
                {"matrix": [1, 2], "x": 1, "y": 1},
                {"matrix": [2, 2], "x": 2, "y": 1},
                {"matrix": [3, 2], "x": 3, "y": 1},

                {"matrix": [0, 1], "x": 0, "y": 2},
                {"matrix": [1, 1], "x": 1, "y": 2},
                {"matrix": [2, 1], "x": 2, "y": 2},
                {"matrix": [3, 1], "x": 3, "y": 2},

                {"matrix": [0, 0], "x": 0, "y": 3},
                {"matrix": [1, 0], "x": 1, "y": 3},
                {"matrix": [2, 0], "x": 2, "y": 3},
                {"matrix": [3, 0], "x": 3, "y": 3}
            ]
        }
    }
}


